{
    "$schema": "http://schema.management.azure.com/schemas/2014-04-01-preview/deploymentTemplate.json#",
    "contentVersion": "0.9.0.0",
    "parameters": {
        "keyVaultResourceId": {
            "type": "string"
        },
        "keyEncryptionKeyURL": {
            "type": "string"
        },
        "keyVaultURL": {
            "type": "string"
        },
         "keyName": {
            "type": "string"
        }, 
        "keyVersion": {
            "type": "string"
        }, 
        "encryptionAlgorithm": {
            "type": "string"
        }, 
        "msiResourceId": {
            "type": "string"
        },
        "minSupportedTlsVersion": {
            "type": "string"
        },
        "headNodeCount": {
            "type": "string"
        },
        "workerNodeCount": {
            "type": "string"
        },
        "clusterHeadFlavor": {
            "type": "string"
        },
        "clusterWorkerFlavor": {
            "type": "string"
        },
        "clusterName": {
            "type": "string",
            "metadata": {
                "description": "The name of the HDInsight cluster to create."
            }
        },
        "clusterLoginUserName": {
            "type": "string",
            "metadata": {
                "description": "These credentials can be used to submit jobs to the cluster and to log into cluster dashboards."
            }
        },
        "clusterLoginPassword": {
            "type": "securestring",
            "metadata": {
                "description": "The password must be at least 10 characters in length and must contain at least one digit, one non-alphanumeric character, and one upper or lower case letter."
            }
        },
        "location": {
            "type": "string",
            "metadata": {
                "description": "The location where all azure resources will be deployed."
            }
        },
        "clusterVersion": {
            "type": "string",
            "metadata": {
                "description": "HDInsight cluster version."
            }
        },
        "clusterKind": {
            "type": "string",
            "metadata": {
                "description": "The type of the HDInsight cluster to create."
            }
        },
        "sparkVersion": {
            "type": "string"
        },
        "hadoopVersion": {
            "type": "string"
        },
        "sshUserName": {
            "type": "string",
            "metadata": {
                "description": "These credentials can be used to remotely access the cluster."
            }
        },
        "sshPassword": {
            "type": "securestring",
            "metadata": {
                "description": "The password must be at least 10 characters in length and must contain at least one digit, one non-alphanumeric character, and one upper or lower case letter."
            }
        },
        "sparkDefaultsExtraJavaOptions": {
            "type": "string",
            "metadata": {
                "description": "Extra Java options for Spark"
            }
        },
        "userAssignedIdentityResId": {
            "type": "string"
        },
        "virtualNetworkResId": {
            "type": "string"
        },
        "virtualNetworkSubnetResId": {
            "type": "string"
        },
        "storageAccounts": {
            "type": "securestring",
            "metadata": {
                "description": "List of storage accounts. The first account in the list is defined as the primary one. Required fields: 'url' and either 'container' and 'key' or 'fileSystem' and 'resourceId'"
            }
        }
    },
    "variables": {
        "storageAccountsArray": "[json(parameters('storageAccounts'))]"
    },
    "resources": [
        {
            "apiVersion": "2015-03-01-preview",
            "name": "[parameters('clusterName')]",
            "type": "Microsoft.HDInsight/clusters",
            "location": "[parameters('location')]",
            "dependsOn": [],
            "properties": {
                "clusterVersion": "[parameters('clusterVersion')]",
                "osType": "Linux",
                "tier": "standard",
                "clusterDefinition": {
                    "kind": "[parameters('clusterKind')]",
                    "componentVersion": {
                        "Spark": "[parameters('sparkVersion')]",
                        "Hadoop": "[parameters('hadoopVersion')]"
                    },
                    "configurations": {
                        "gateway": {
                            "restAuthCredential.isEnabled": true,
                            "restAuthCredential.username": "[parameters('clusterLoginUserName')]",
                            "restAuthCredential.password": "[parameters('clusterLoginPassword')]"
                        },
                        "spark2-defaults": {
                            "spark.driver.extraJavaOptions": "[parameters('sparkDefaultsExtraJavaOptions')]"
                        }
                    }
                },
                "storageProfile": {
                    "copy": [
                        {
                            "name": "storageaccounts",
                            "count": "[length(variables('storageAccountsArray'))]",
                            "input": {
                                "name": "[variables('storageAccountsArray')[copyIndex('storageaccounts')].url]",
                                "isDefault": "[bool(if(equals(copyIndex('storageaccounts'), 0), 'true', 'false'))]",
                                "container": "[if(contains(variables('storageAccountsArray')[copyIndex('storageaccounts')], 'container'), variables('storageAccountsArray')[copyIndex('storageaccounts')].container, json('null'))]",
                                "key": "[if(contains(variables('storageAccountsArray')[copyIndex('storageaccounts')], 'key'), variables('storageAccountsArray')[copyIndex('storageaccounts')].key, json('null'))]",
                                "fileSystem": "[if(contains(variables('storageAccountsArray')[copyIndex('storageaccounts')], 'fileSystem'), variables('storageAccountsArray')[copyIndex('storageaccounts')].fileSystem, json('null'))]",
                                "resourceId": "[if(contains(variables('storageAccountsArray')[copyIndex('storageaccounts')], 'resourceId'), variables('storageAccountsArray')[copyIndex('storageaccounts')].resourceId, json('null'))]",
                                "msiResourceId": "[if(contains(variables('storageAccountsArray')[copyIndex('storageaccounts')], 'fileSystem'), parameters('userAssignedIdentityResId'), json('null'))]"
                            }
                        }
                    ]
                },
                "computeProfile": {
                    "roles": [
                        {
                            "autoscale": null,
                            "name": "headnode",
                            "minInstanceCount": "[int(parameters('headNodeCount'))]",
                            "targetInstanceCount": "[int(parameters('headNodeCount'))]",
                            "hardwareProfile": {
                                "vmSize": "[parameters('clusterHeadFlavor')]"
                            },
                            "osProfile": {
                                "linuxOperatingSystemProfile": {
                                    "username": "[parameters('sshUserName')]",
                                    "password": "[parameters('sshPassword')]"
                                },
                                "windowsOperatingSystemProfile": null
                            },
                            "virtualNetworkProfile": {
                                "id": "[parameters('virtualNetworkResId')]",
                                "subnet": "[parameters('virtualNetworkSubnetResId')]"
                            },
                            "scriptActions": [],
                            "dataDisksGroups": null
                        },
                        {
                            "autoscale": null,
                            "name": "workernode",
                            "targetInstanceCount": "[int(parameters('workerNodeCount'))]",
                            "hardwareProfile": {
                                "vmSize": "[parameters('clusterWorkerFlavor')]"
                            },
                            "osProfile": {
                                "linuxOperatingSystemProfile": {
                                    "username": "[parameters('sshUserName')]",
                                    "password": "[parameters('sshPassword')]"
                                },
                                "windowsOperatingSystemProfile": null
                            },
                            "virtualNetworkProfile": {
                                "id": "[parameters('virtualNetworkResId')]",
                                "subnet": "[parameters('virtualNetworkSubnetResId')]"
                            },
                            "scriptActions": [],
                            "dataDisksGroups": null
                        }
                    ]
                },
                "diskEncryptionProperties": {
                "vaultUri": "[parameters('keyVaultURL')]",
                "keyName": "[parameters('keyName')]",
                "keyVersion": "[parameters('keyVersion')]",
                "encryptionAlgorithm": "[parameters('encryptionAlgorithm')]",
                "msiResourceId": "[parameters('msiResourceId')]"
                },
            "minSupportedTlsVersion": "[parameters('minSupportedTlsVersion')]"
            },
            "identity": {
                "type": "UserAssigned",
                "userAssignedIdentities": {
                    "[parameters('userAssignedIdentityResId')]": {}
                }
            }
        }
    ],
    "outputs": {
        "id": {
            "type": "string",
            "value": "[resourceId('Microsoft.HDInsight/clusters', parameters('clusterName'))]"
        },
        "sshConnectivityEndpoint": {
            "type":"string",
            "value": "[reference(resourceId('Microsoft.HDInsight/clusters', parameters('clusterName'))).connectivityEndpoints[0].location]"
        },
        "clusterConnectivityEndpoint": {
            "type":"string",
            "value": "[reference(resourceId('Microsoft.HDInsight/clusters', parameters('clusterName'))).connectivityEndpoints[1].location]"
        },
        "sshUserName": {
            "type":"string",
            "value": "[parameters('sshUserName')]"
        },
        "sshPassword": {
            "type":"string",
            "value": "[parameters('sshPassword')]"
        },
        "clusterLoginUserName": {
            "type":"string",
            "value": "[parameters('clusterLoginUserName')]"
        },
        "clusterLoginPassword": {
            "type":"string",
            "value": "[parameters('clusterLoginPassword')]"
        },
        "cluster": {
            "type":"object",
            "value": "[reference(resourceId('Microsoft.HDInsight/clusters',parameters('clusterName')))]"
        },
        "clusterName": {
            "type":"string",
            "value": "[parameters('clusterName')]"
        }
    }
}
