{
    "clusterHeadFlavor": {
        "value": "STANDARD_D3_V2"
    },
    "clusterKind": {
        "value": "SPARK"
    },
    "clusterLoginPassword": {
        "value": "7]wrU-N1?6<+nMwI2R:+2&cQn?:145Wo"
    },
    "clusterLoginUserName": {
        "value": "devndpe"
    },
    "clusterName": {
        "value": "hdsb937bcdhubndpedevdi"
    },
    "clusterVersion": {
        "value": "3.6"
    },
    "clusterWorkerFlavor": {
        "value": "STANDARD_D3_V2"
    },
    "encryptionAlgorithm": {
        "value": "RSA-OAEP"
    },
    "hadoopVersion": {
        "value": "3.1"
    },
    "headNodeCount": {
        "value": "1"
    },
    "keyEncryptionKeyURL": {
        "value": "https://ndpecorevaultdev.vault.azure.net/keys/default-storage-key/14b0ddea142e4666ab3d58d39bb62600"
    },
    "keyName": {
        "value": "default-storage-key"
    },
    "keyVaultResourceId": {
        "value": "/subscriptions/e7abdf95-8a12-4d7f-9f3a-87a3cb0e7687/resourceGroups/DHUB_NDPE-DEV-SECURITY/providers/Microsoft.KeyVault/vaults/ndpecorevaultdev"
    },
    "keyVaultURL": {
        "value": "https://ndpecorevaultdev.vault.azure.net/"
    },
    "keyVersion": {
        "value": "14b0ddea142e4666ab3d58d39bb62600"
    },
    "location": {
        "value": "westeurope"
    },
    "minSupportedTlsVersion": {
        "value": "1.2"
    },
    "msiResourceId": {
        "value": "/subscriptions/e7abdf95-8a12-4d7f-9f3a-87a3cb0e7687/resourcegroups/DHUB_NDPE-DEV-DI/providers/Microsoft.ManagedIdentity/userAssignedIdentities/dhub-ndpe-dev-di-spark-identity"
    },
    "sparkDefaultsExtraJavaOptions": {
        "value": "-Dhdp.version={{hdp_full_version}} -Detwlogger.component=sparkdriver -DlogFilter.filename=SparkLogFilters.xml -DpatternGroup.filename=SparkPatternGroups.xml -Dlog4jspark.root.logger=INFO,console,RFA,ETW,Anonymizer -Dlog4jspark.log.dir=/var/log/sparkapp/${user.name} -Dlog4jspark.log.file=${spark.app.name}.log -Dlog4j.configuration=file:/usr/hdp/current/spark2-client/conf/log4j.properties -Djavax.xml.parsers.SAXParserFactory=com.sun.org.apache.xerces.internal.jaxp.SAXParserFactoryImpl -XX:+UseParallelGC -XX:+UseParallelOldGC"
    },
    "sparkVersion": {
        "value": "2.3"
    },
    "sshPassword": {
        "value": "L)7VKG:QUKcdA?J4VitC3Pu@?Q>$w5<="
    },
    "sshUserName": {
        "value": "devndpe"
    },
    "storageAccounts": {
        "value": "[{\"fileSystem\":\"devndpe\",\"resourceId\":\"/subscriptions/e7abdf95-8a12-4d7f-9f3a-87a3cb0e7687/resourceGroups/DHUB_NDPE-DEV-DI/providers/Microsoft.Storage/storageAccounts/dhubndpedevdidevndpe\",\"url\":\"dhubndpedevdidevndpe.dfs.core.windows.net\"}]"
    },
    "userAssignedIdentityResId": {
        "value": "/subscriptions/e7abdf95-8a12-4d7f-9f3a-87a3cb0e7687/resourcegroups/DHUB_NDPE-DEV-DI/providers/Microsoft.ManagedIdentity/userAssignedIdentities/dhub-ndpe-dev-di-spark-identity"
    },
    "virtualNetworkResId": {
        "value": "/subscriptions/e7abdf95-8a12-4d7f-9f3a-87a3cb0e7687/resourceGroups/DHUB_NDPE-DEV-DF/providers/Microsoft.Network/virtualNetworks/dhub-ndpe-dev-df-vnet-core"
    },
    "virtualNetworkSubnetResId": {
        "value": "/subscriptions/e7abdf95-8a12-4d7f-9f3a-87a3cb0e7687/resourceGroups/DHUB_NDPE-DEV-DF/providers/Microsoft.Network/virtualNetworks/dhub-ndpe-dev-df-vnet-core/subnets/dhub-ndpe-dev-di-subnet-spark"
    },
    "workerNodeCount": {
        "value": "2"
    }
}