{
        "clusterHeadFlavor": {
            "value": "STANDARD_D3_V2"
        },
        "clusterKind": {
            "value": "SPARK"
        },
        "clusterLoginPassword": {
            "value": "nXw=356EL1XLOTa+]S]P7:bQl0GkTnX!"
        },
        "clusterLoginUserName": {
            "value": "devgpa"
        },
        "clusterName": {
            "value": "testhdiazfunctions"
        },
        "clusterVersion": {
            "value": "3.6"
        },
        "clusterWorkerFlavor": {
            "value": "STANDARD_D3_V2"
        },
        "encryptionAlgorithm": {
            "value": "RSA-OAEP"
        },
        "hadoopVersion": {
            "value": "3.1"
        },
        "headNodeCount": {
            "value": "1"
        },
        "hiveConnectionURL": {
            "value": "jdbc:sqlserver://devgpasqlsv.database.windows.net;database=dhubgpadevdbsqldb;encrypt=true;trustServerCertificate=true;create=false;loginTimeout=300"
        },
        "hiveDatabase": {
            "value": "dhubgpadevdbsqldb"
        },
        "hivePassword": {
            "value": "Bg5sEzj1XP9OscqYcpUoa1pqnPnzHFBX"
        },
        "hiveServerName": {
            "value": "devgpasqlsv.database.windows.net"
        },
        "hiveUserName": {
            "value": "devgpa"
        },
        "keyEncryptionKeyURL": {
            "value": "https://gpacorevaultdev.vault.azure.net/keys/default-storage-key/6453006e2227447c820f546be351fa99"
        },
        "keyName": {
            "value": "default-storage-key"
        },
        "keyVaultResourceId": {
            "value": "/subscriptions/8aab2f07-7d43-4bab-8704-4dc764ee6190/resourceGroups/DHUB_GPA-DEV-SECURITY/providers/Microsoft.KeyVault/vaults/gpacorevaultdev"
        },
        "keyVaultURL": {
            "value": "https://gpacorevaultdev.vault.azure.net/"
        },
        "keyVersion": {
            "value": "6453006e2227447c820f546be351fa99"
        },
        "location": {
            "value": "australiaeast"
        },
        "minSupportedTlsVersion": {
            "value": "1.2"
        },
        "msiResourceId": {
            "value": "/subscriptions/8aab2f07-7d43-4bab-8704-4dc764ee6190/resourcegroups/DHUB_GPA-DEV-DI/providers/Microsoft.ManagedIdentity/userAssignedIdentities/dhub-gpa-dev-di-spark-identity"
        },
        "sparkDefaultsExtraJavaOptions": {
            "value": "-Dhdp.version={{hdp_full_version}} -Detwlogger.component=sparkdriver -DlogFilter.filename=SparkLogFilters.xml -DpatternGroup.filename=SparkPatternGroups.xml -Dlog4jspark.root.logger=INFO,console,RFA,ETW,Anonymizer -Dlog4jspark.log.dir=/var/log/sparkapp/${user.name} -Dlog4jspark.log.file=${spark.app.name}.log -Dlog4j.configuration=file:/usr/hdp/current/spark2-client/conf/log4j.properties -Djavax.xml.parsers.SAXParserFactory=com.sun.org.apache.xerces.internal.jaxp.SAXParserFactoryImpl -XX:+UseParallelGC -XX:+UseParallelOldGC"
        },
        "sparkVersion": {
            "value": "2.3"
        },
        "sshPassword": {
            "value": "+XY1Da[Ub&_1!5hW[!P9-rRy>7Ak4v(3"
        },
        "sshUserName": {
            "value": "devgpa"
        },
        "storageAccounts": {
            "value": "[{\"fileSystem\":\"devgpa\",\"resourceId\":\"/subscriptions/8aab2f07-7d43-4bab-8704-4dc764ee6190/resourceGroups/DHUB_GPA-DEV-DI/providers/Microsoft.Storage/storageAccounts/dhubgpadevdidevgpa\",\"url\":\"dhubgpadevdidevgpa.dfs.core.windows.net\"}]"
        },
        "userAssignedIdentityResId": {
            "value": "/subscriptions/8aab2f07-7d43-4bab-8704-4dc764ee6190/resourcegroups/DHUB_GPA-DEV-DI/providers/Microsoft.ManagedIdentity/userAssignedIdentities/dhub-gpa-dev-di-spark-identity"
        },
        "virtualNetworkResId": {
            "value": "/subscriptions/8aab2f07-7d43-4bab-8704-4dc764ee6190/resourceGroups/DHUB_GPA-DEV-DF/providers/Microsoft.Network/virtualNetworks/dhub-gpa-dev-df-vnet-core"
        },
        "virtualNetworkSubnetResId": {
            "value": "/subscriptions/8aab2f07-7d43-4bab-8704-4dc764ee6190/resourceGroups/DHUB_GPA-DEV-DF/providers/Microsoft.Network/virtualNetworks/dhub-gpa-dev-df-vnet-core/subnets/dhub-gpa-dev-di-subnet-spark"
        },
        "workerNodeCount": {
            "value": "2"
        }

}